<?xml version="1.0" encoding="UTF-8"?>
<Configuration status="WARN">
    <Properties>
        <Property name="LOG_PATTERN">%d{yyyy-MM-dd HH:mm:ss.SSS} [%t] %-5level %logger{36} - %msg%n</Property>
        <Property name="LOG_DIR">logs</Property>
    </Properties>
    
    <Appenders>
        <Console name="Console" target="SYSTEM_OUT">
            <PatternLayout pattern="${LOG_PATTERN}"/>
        </Console>
        
        <RollingFile name="FileAppender" fileName="${LOG_DIR}/autocracker.log"
                     filePattern="${LOG_DIR}/autocracker-%d{yyyy-MM-dd}-%i.log">
            <PatternLayout pattern="${LOG_PATTERN}"/>
            <Policies>
                <TimeBasedTriggeringPolicy />
                <SizeBasedTriggeringPolicy size="10 MB" />
            </Policies>
            <DefaultRolloverStrategy max="10" />
        </RollingFile>
        
        <RollingFile name="ErrorFileAppender" fileName="${LOG_DIR}/autocracker-error.log"
                     filePattern="${LOG_DIR}/autocracker-error-%d{yyyy-MM-dd}-%i.log">
            <PatternLayout pattern="${LOG_PATTERN}"/>
            <Policies>
                <TimeBasedTriggeringPolicy />
                <SizeBasedTriggeringPolicy size="10 MB" />
            </Policies>
            <DefaultRolloverStrategy max="10" />
        </RollingFile>
    </Appenders>
    
    <Loggers>
        <Root level="info">
            <AppenderRef ref="Console" />
            <AppenderRef ref="FileAppender" />
            <AppenderRef ref="ErrorFileAppender" level="ERROR" />
        </Root>
        
        <Logger name="com.autocracker" level="debug" additivity="false">
            <AppenderRef ref="Console" />
            <AppenderRef ref="FileAppender" />
            <AppenderRef ref="ErrorFileAppender" level="ERROR" />
        </Logger>
    </Loggers>
</Configuration>